u,count
6869,385
4473,254
1884,200
732,199
1744,175
1106,165
262,163
2648,162
7507,157
3274,152
362,148
7196,147
2254,143
1651,138
1563,135
3564,134
4845,132
5995,127
1309,125
1960,125
2594,122
41,121
6613,119
2128,116
949,116
4150,115
1228,115
1539,115
2153,115
451,115
5039,114
4734,114
2421,113
2919,112
1094,111
554,111
1252,111
2268,110
2920,109
1155,109
6015,109
1815,109
3038,107
1134,107
1291,105
23,103
2043,103
1141,101
45,101
2876,100
1803,99
1095,97
770,97
2218,96
391,95
2,95
82,94
187,94
1277,93
385,92
6135,91
904,91
2294,91
2462,90
2928,89
47,89
820,89
919,88
3234,87
353,87
3310,87
13,86
2187,85
7462,85
3473,85
458,84
3949,84
176,84
5896,84
573,84
643,83
4828,83
532,83
1121,82
5868,82
1615,82
1149,82
785,82
3371,82
7578,81
986,81
2031,81
1239,80
3201,80
563,80
1555,79
957,79
988,79
7790,79
7394,78
6925,78
51,78
1159,78
4210,78
6715,77
6541,77
2163,77
252,77
7381,76
7761,76
922,75
1669,75
3862,75
5335,75
1247,75
2578,75
5466,75
1992,75
2219,74
2622,74
1816,73
4152,72
4125,72
3,72
6141,71
710,71
4197,71
612,71
4955,71
2471,70
382,70
6915,69
7557,69
3474,68
226,68
2267,68
2637,68
2611,67
6931,67
5436,67
5183,67
24,67
723,67
3643,66
5816,66
402,65
7089,65
1497,65
2500,65
1742,64
3703,63
718,63
5005,63
639,63
6067,63
2709,63
2766,63
2208,63
1526,63
1559,62
6422,62
138,62
7498,62
804,62
1583,62
2880,62
1172,61
5499,61
4176,61
4926,61
2730,61
4999,61
1046,61
5431,61
937,60
1717,60
670,60
1354,60
3880,59
1158,59
634,59
2190,59
3116,59
7165,59
1164,59
5885,59
1212,59
3885,59
4935,59
2931,59
557,59
7215,59
1113,58
6452,58
6167,58
2453,58
396,58
608,58
2433,58
1649,57
3431,57
861,57
1253,57
1694,57
835,57
2570,56
3202,56
1492,56
2296,55
1859,55
3175,55
4458,55
7456,55
6968,55
1294,55
204,55
3500,55
4843,55
3186,54
3014,54
1193,54
1189,54
7140,54
3238,54
703,54
3522,54
5937,54
2193,53
1575,53
2466,53
435,53
3508,53
6049,52
2117,52
290,52
3061,52
1413,52
1601,51
1452,51
3325,51
2391,51
3133,51
6428,51
7406,51
924,51
1318,51
5475,51
5321,51
661,51
1578,50
6145,50
2674,50
6461,50
2100,50
1012,50
125,50
1808,49
1242,49
4831,49
4382,49
1437,49
3684,49
1022,49
888,48
3705,48
1067,48
158,48
99,48
352,48
6125,48
300,48
1010,47
878,47
3221,47
6099,47
1183,47
1445,47
1358,47
3869,47
5003,47
506,47
2546,47
1889,47
880,47
1124,47
6239,47
162,47
1336,47
1015,46
1361,46
1475,46
2568,46
1653,46
1751,46
3166,46
562,46
160,46
3251,45
1019,45
4883,45
1715,45
438,45
1860,45
3472,45
7071,45
969,45
30,44
5358,43
4864,43
1586,43
7622,43
4058,43
2429,43
1849,43
410,43
1614,43
5932,43
2300,43
6051,43
798,43
2689,43
5877,43
3968,43
1083,43
329,43
1664,42
3987,42
168,42
3967,42
333,42
6052,42
1514,42
454,42
2802,42
1620,42
6910,42
255,42
3022,42
2409,42
2930,42
1225,42
3011,42
2517,42
617,42
428,41
111,41
2134,41
6371,41
2160,41
2284,41
2395,41
4920,41
399,41
2092,41
1397,41
4149,40
57,40
216,40
1037,40
5405,40
2357,40
1435,40
2422,40
38,40
765,40
6434,40
1701,39
5149,39
605,39
4865,39
978,39
200,39
490,39
607,39
1825,39
1516,39
2482,39
2378,39
7797,39
3826,39
502,39
3524,39
2382,39
7035,39
1272,39
1977,38
3569,38
2626,38
5991,38
6085,38
4425,38
1284,38
2643,38
4870,38
2548,38
2612,38
7534,38
2264,38
3717,38
2277,38
2276,38
1219,37
1706,37
1166,37
475,37
1111,37
359,37
2335,37
3402,37
1107,37
714,37
2356,37
1913,36
916,36
394,36
1954,36
2478,36
5376,36
1879,36
2552,36
5992,36
5014,36
2386,36
2663,36
1133,36
872,36
1484,36
2370,36
1215,35
172,35
7702,35
1900,35
7783,35
6102,35
253,35
2002,35
1944,35
1154,35
1423,35
1350,35
1356,35
6885,35
709,35
2302,35
7050,35
4387,35
2384,35
2375,35
2118,35
1191,35
7102,35
308,35
664,35
1934,34
1759,34
1087,34
3304,34
1103,34
1312,34
5195,34
929,34
572,34
2481,34
1602,33
313,33
667,33
4230,33
5418,33
5246,33
1501,33
5029,33
7078,33
3991,33
2101,33
2332,33
2838,33
5207,33
2946,33
7149,33
3307,32
6186,32
1255,32
3512,32
7187,32
951,32
7110,32
627,32
4948,32
1655,32
7162,32
6595,32
2957,32
2210,32
1321,32
1608,32
1931,32
516,32
364,32
479,32
4154,32
2170,31
644,31
79,31
2698,31
826,31
910,31
7305,31
987,31
1090,31
3188,31
698,31
1487,31
4181,31
2804,31
1865,31
1374,31
3419,31
906,31
19,31
515,31
2189,31
700,31
209,31
2655,31
4825,31
540,31
3231,31
2293,31
1971,31
4432,31
2953,31
1286,31
555,31
3714,31
4478,31
180,31
2149,30
2501,30
7003,30
2952,30
3661,30
1582,30
42,30
3546,30
452,30
4436,30
7592,30
3757,30
6892,30
2437,30
7213,30
2214,30
603,30
7144,30
1659,30
3536,30
465,30
5975,29
2518,29
1381,29
3965,29
7405,29
7736,29
1519,29
3099,29
852,29
659,29
808,29
5477,29
1137,29
3888,29
196,29
20,29
7377,29
7780,29
1058,29
2412,29
311,28
4418,28
5341,28
538,28
2521,28
2074,28
265,28
1813,28
1556,28
5440,28
3165,28
161,28
1774,28
822,28
4378,28
3382,28
547,28
1300,28
6092,28
833,28
7316,28
3668,28
3674,28
419,28
5394,28
2349,28
4995,28
1928,28
684,28
679,28
390,27
1097,27
707,27
1882,27
2121,27
301,27
5464,27
1797,27
277,27
4167,27
4979,27
1594,27
2661,27
1020,27
97,27
2372,27
2077,27
1402,27
6520,27
574,27
584,27
3887,27
4201,27
1052,27
7364,27
1892,27
6912,27
4437,27
875,27
1146,27
2737,27
3695,27
447,27
2287,27
2178,27
2199,27
1580,27
1798,27
3107,27
1417,27
2039,27
4992,27
742,27
1007,27
7177,27
5162,27
3281,27
600,27
5368,27
1752,27
5914,27
5411,27
3293,27
343,27
5240,27
1623,26
660,26
27,26
5403,26
4878,26
6684,26
4043,26
1538,26
1632,26
565,26
637,26
445,26
1851,26
424,26
7046,26
6583,26
876,26
210,26
467,26
2075,26
1616,26
2405,26
2720,26
4977,26
1473,26
6575,26
0,26
357,26
3558,26
7053,26
5472,26
2558,26
1140,26
4525,26
6875,26
3909,26
895,26
5111,26
170,25
6228,25
351,25
1679,25
2045,25
2483,25
2632,25
636,25
6009,25
589,25
3998,25
6093,25
1603,25
1203,25
3639,25
4968,25
2203,25
682,25
6108,25
2096,25
729,25
1554,25
3209,25
6399,25
7168,25
3553,25
2452,25
2048,25
7694,25
304,25
3615,25
3630,25
2963,25
7156,25
6499,25
1190,25
322,25
5520,24
2514,24
930,24
3904,24
3434,24
4264,24
992,24
6944,24
6001,24
3088,24
142,24
400,24
646,24
802,24
1199,24
2486,24
2886,24
1743,24
2538,24
3016,24
6018,24
6364,24
1265,24
857,24
1431,24
3706,24
4199,24
6286,24
1720,24
1686,24
5032,24
3361,24
1832,24
7372,24
5907,24
1347,24
2119,24
6504,24
272,24
2236,24
2441,24
4863,24
2113,24
4221,24
1622,24
1760,24
1856,24
1864,24
883,23
3698,23
1028,23
254,23
3947,23
741,23
2281,23
1768,23
1979,23
3708,23
405,23
1730,23
3476,23
553,23
220,23
3096,23
2516,23
6284,23
3846,23
543,23
1394,23
2788,23
1604,23
4405,23
5451,23
7311,23
2512,23
3567,23
6949,23
276,23
748,23
6402,23
4117,23
1439,23
4910,23
7090,23
7366,23
977,23
1878,23
3562,23
3952,23
7241,23
2238,23
1570,23
2665,23
1153,23
5007,23
2513,23
5421,23
1926,23
6936,23
1831,23
6860,23
2307,23
2638,23
6462,23
764,23
2323,23
539,23
662,23
779,23
3464,23
3445,23
621,23
358,23
6184,23
4835,23
1098,23
320,23
1862,23
3354,23
236,23
84,23
219,23
3883,23
715,23
649,23
2645,23
1697,23
69,23
1661,23
2537,23
795,23
843,23
1200,23
6111,23
4510,23
1483,23
2252,23
769,23
3291,23
3729,23
5861,23
1434,23
558,23
469,23
1800,23
1731,22
6870,22
3256,22
719,22
545,22
1748,22
1772,22
1188,22
5616,22
844,22
3700,22
3505,22
4888,22
2255,22
1763,22
7716,22
1749,22
2261,22
530,22
4161,22
1903,22
5441,22
4927,22
6366,22
1438,22
2860,22
1152,22
1211,22
3127,22
1059,22
4347,22
1993,22
2780,22
6023,22
1597,22
2143,22
7680,22
43,22
7668,22
2109,22
2529,22
2112,22
2385,22
4987,22
85,22
7143,22
6030,22
7182,22
2797,22
326,22
1327,22
6126,22
2035,22
6362,22
675,21
1273,21
1591,21
305,21
2921,21
2596,21
1967,21
6942,21
866,21
1368,21
1557,21
767,21
6209,21
6572,21
5988,21
3939,21
672,21
7823,21
275,21
4354,21
1333,21
4928,21
7739,21
2006,21
673,21
6000,21
3570,21
5251,21
3330,21
3126,21
251,21
1553,21
1216,21
2363,21
813,21
567,21
327,21
5772,21
3750,21
1275,21
6472,21
1054,21
3453,21
3233,21
1151,21
4840,21
6939,21
602,21
3526,21
3873,21
3963,21
2867,21
1790,21
3091,21
3929,21
1572,21
9,21
7107,20
1771,20
5067,20
2114,20
991,20
526,20
5979,20
3427,20
58,20
1040,20
694,20
5733,20
2072,20
7145,20
1966,20
439,20
2536,20
4177,20
6523,20
148,20
2432,20
1695,20
7798,20
1893,20
5480,20
1250,20
436,20
632,20
6979,20
2266,20
3012,20
5621,20
103,20
751,20
1949,20
5284,20
6368,20
816,20
5043,20
2111,20
1674,20
3853,20
5189,20
6498,20
1692,20
947,20
2152,20
287,19
1278,19
4093,19
891,19
441,19
1857,19
6988,19
2857,19
1961,19
6424,19
3642,19
5264,19
5349,19
150,19
3358,19
4782,19
221,19
1607,19
2237,19
1855,19
2826,19
7819,19
1995,19
6058,19
6978,19
960,19
6465,19
5380,19
3603,19
2693,19
241,19
5122,19
2061,19
2544,19
6007,19
2744,19
4911,19
1952,19
7021,19
658,19
5508,19
1287,19
184,19
1467,19
2289,19
1824,19
1016,19
5962,19
708,19
6526,19
629,19
6143,19
2556,19
2336,19
7018,19
46,19
6966,19
1596,19
1220,19
1269,19
2231,19
7633,19
4868,19
2001,19
5008,19
2823,19
3266,19
5099,19
3962,19
3381,19
3131,19
1930,19
3003,19
5063,19
501,19
2697,19
3669,19
1180,19
5402,19
4358,19
2355,19
3074,19
5883,19
224,19
2301,19
788,19
2683,19
3342,19
1819,19
3134,19
7129,19
4846,19
3063,19
4129,19
2004,19
2029,19
3095,19
3035,19
270,19
5378,19
2406,19
2180,19
2651,19
1740,19
2071,19
2904,19
1051,18
2217,18
2827,18
2748,18
2978,18
3313,18
5245,18
6497,18
1972,18
528,18
2146,18
3740,18
3097,18
3638,18
411,18
2083,18
2503,18
4512,18
2740,18
7544,18
4132,18
2220,18
403,18
1970,18
692,18
2551,18
1136,18
2221,18
3142,18
2333,18
1319,18
3058,18
3122,18
5517,18
2620,18
1854,18
2364,18
2360,18
2399,18
2204,18
6317,18
2510,18
2347,18
648,18
1624,18
6323,18
4,18
6507,18
5888,18
2244,18
2879,18
457,18
1794,18
6234,18
2789,18
5830,18
7232,18
6714,18
240,17
120,17
4654,17
2050,17
1722,17
2733,17
778,17
1208,17
175,17
1980,17
1895,17
654,17
4205,17
5912,17
7802,17
642,17
2016,17
12,17
3174,17
1579,17
6475,17
6861,17
3613,17
5958,17
5983,17
1032,17
2624,17
6585,17
3264,17
4772,17
1323,17
2639,17
4054,17
2376,17
3318,17
4925,17
2338,17
1962,17
2374,17
6249,17
2105,17
1248,17
2986,17
4105,17
4062,17
356,17
7587,17
7408,17
7127,17
1006,17
2958,17
298,17
491,17
615,17
2487,17
3503,17
5695,17
5278,17
3167,17
3975,17
2532,17
4703,17
504,17
1201,17
1755,17
5967,17
6341,17
4040,17
3104,17
981,17
5519,16
2813,16
5976,16
2525,16
2685,16
995,16
6976,16
371,16
858,16
2894,16
2472,16
2197,16
3311,16
2819,16
40,16
6457,16
2305,16
6603,16
2270,16
201,16
450,16
474,16
7422,16
2629,16
1186,16
2099,16
2782,16
3187,16
1830,16
2070,16
1729,16
1804,16
4890,16
2290,16
5164,16
2815,16
6879,16
1,16
3411,16
2059,16
854,16
3037,16
3051,16
7598,16
5509,16
3015,16
7014,16
6553,16
5978,16
434,16
6419,16
5422,16
5153,16
1258,16
1689,16
1042,16
1076,16
2085,16
2732,16
3319,16
810,16
2899,16
3184,16
4416,16
5347,16
3935,16
360,16
3448,16
1488,16
3663,16
2504,16
934,16
1254,16
2297,16
2703,15
317,15
446,15
5326,15
6083,15
1163,15
2825,15
3085,15
1335,15
4158,15
243,15
2206,15
7271,15
6256,15
2464,15
1446,15
2734,15
7643,15
309,15
159,15
7067,15
2033,15
5379,15
5108,15
1817,15
2474,15
3827,15
29,15
6060,15
7584,15
7624,15
1398,15
2179,15
6204,15
542,15
6075,15
2202,15
1192,15
1902,15
4665,15
1688,15
77,15
730,15
6525,15
996,15
4218,15
3628,15
3207,15
3369,15
3635,15
6587,15
4453,15
3046,15
5406,15
247,15
6357,15
6906,15
6438,15
2994,15
2677,15
828,15
68,15
3692,15
1420,15
2304,15
1427,15
4283,15
65,15
2115,15
791,15
292,15
5993,15
706,15
666,15
1429,15
4357,15
1068,15
6004,15
3578,15
4440,15
1471,15
3656,15
2434,15
2337,15
7468,15
6008,15
3485,15
6176,15
395,15
1232,15
2773,15
6588,15
1765,15
3864,15
5285,15
7032,15
2549,15
2191,15
4912,15
7567,15
109,15
4331,15
7397,15
1395,15
915,15
2227,15
1644,15
4366,15
935,15
456,15
7670,15
6226,15
1951,15
524,15
122,15
2181,15
4527,15
3507,15
4848,15
153,15
7096,15
933,15
4262,15
3113,15
2807,15
7088,15
2959,15
6014,15
1566,15
3406,15
141,15
6961,15
1536,15
1315,15
3878,15
3282,15
867,15
2248,15
2107,15
7190,15
7692,15
815,15
1829,15
1745,15
1685,15
1472,15
1667,15
3718,15
5016,15
5502,15
1678,15
6485,15
3632,15
3477,15
361,15
784,15
1875,15
569,15
7,15
2343,15
14,15
4185,15
3128,15
1126,15
1495,15
1641,15
5193,15
4111,15
3563,15
669,15
1047,15
4238,15
5955,15
3710,15
6420,15
2687,15
6101,15
3657,15
1267,15
5805,15
2037,15
1161,15
6916,15
2417,15
1197,15
3822,15
4234,15
2358,15
4503,15
3992,15
7008,15
4485,15
2667,15
2491,15
2508,15
2239,15
1948,15
443,15
4881,15
640,14
2151,14
5571,14
2898,14
2023,14
2962,14
7217,14
7108,14
2524,14
2582,14
25,14
7596,14
231,14
7764,14
7742,14
2062,14
6455,14
178,14
4905,14
2465,14
3200,14
3214,14
6074,14
4907,14
3997,14
3881,14
680,14
1981,14
5054,14
6790,14
3488,14
4916,14
5755,14
2606,14
5132,14
2526,14
6340,14
5231,14
5282,14
7460,14
3013,14
2975,14
2933,14
1703,14
256,14
1072,14
1994,14
777,14
345,14
1708,14
1091,14
3948,14
3725,14
6823,14
3169,14
1297,14
2345,14
2781,14
1642,14
591,14
7258,14
1237,14
514,14
6437,14
520,14
1787,14
6192,14
5949,14
1848,14
6505,14
7384,14
7606,14
5286,14
1169,14
1718,14
1786,14
6608,14
5186,14
7218,14
4641,14
4278,14
5653,14
1837,14
1167,14
5844,14
598,14
2751,14
6535,14
208,14
5998,14
4240,14
4351,14
6011,14
5629,14
3426,14
4237,14
3106,14
3494,14
519,14
5226,14
1157,14
7781,14
4121,14
760,14
117,14
1677,14
2161,14
155,14
3163,14
3837,14
2440,13
340,13
2694,13
3351,13
3830,13
5015,13
2184,13
2659,13
2534,13
7725,13
1003,13
1060,13
1109,13
4940,13
775,13
366,13
3588,13
2124,13
4867,13
2446,13
6095,13
5272,13
4095,13
1181,13
3805,13
3360,13
4428,13
7378,13
4211,13
3271,13
4340,13
4957,13
2415,13
780,13
1227,13
613,13
2198,13
3374,13
7286,13
6537,13
5,13
7126,13
5235,13
2718,13
1947,13
2543,13
2322,13
6313,13
32,13
1537,13
6746,13
3162,13
3746,13
3977,13
2185,13
4130,13
3177,13
4484,13
4821,13
1178,13
620,13
2361,13
792,13
3676,13
5850,13
4409,13
3893,13
3699,13
5324,13
5027,13
2195,13
2965,13
4123,13
900,13
2155,13
3183,13
2273,13
4112,13
3424,13
3236,13
2888,13
488,13
7010,13
3432,13
1905,13
6173,13
7687,13
1428,13
6103,13
541,13
413,13
7169,13
7424,13
1129,13
5890,13
2104,13
3693,13
619,13
6275,13
5390,13
1592,13
1940,13
1260,13
249,13
3754,13
6922,13
2303,13
903,13
511,13
3686,13
4936,13
6013,13
3529,13
2499,13
380,13
6374,13
1838,13
5094,13
2808,13
5064,12
3196,12
7023,12
4217,12
721,12
807,12
4515,12
6945,12
7825,12
2140,12
2574,12
7822,12
3237,12
2257,12
4060,12
4356,12
2741,12
1229,12
156,12
1991,12
3189,12
4037,12
1711,12
6481,12
4422,12
6801,12
3216,12
119,12
2127,12
3660,12
1226,12
4884,12
7210,12
5929,12
3198,12
2738,12
2705,12
517,12
2566,12
3072,12
1788,12
7147,12
6261,12
773,12
4196,12
3042,12
5921,12
1264,12
747,12
1543,12
7623,12
7300,12
955,12
564,12
2470,12
2319,12
2915,12
478,12
1084,12
6116,12
1939,12
2036,12
6120,12
3528,12
549,12
1456,12
3457,12
1618,12
873,12
2258,12
5982,12
3942,12
5956,12
2855,12
4860,12
5591,12
5553,12
750,12
2753,12
6840,12
4252,12
737,12
6219,12
7206,12
39,12
5408,12
4961,12
6781,12
1355,12
819,12
853,12
5119,12
5339,12
2056,12
5960,12
7444,12
1383,12
7000,12
2608,12
3670,12
3784,12
926,12
3886,12
3498,12
4446,12
4107,12
2631,12
365,12
7280,12
5163,12
6421,12
5270,12
847,12
7425,12
6164,12
7356,12
2912,12
3807,12
4019,12
7080,12
1512,12
2498,12
4246,12
5981,12
772,12
1405,12
4223,11
1953,11
2907,11
3646,11
4224,11
7675,11
674,11
4813,11
1609,11
1943,11
1223,11
61,11
1796,11
7452,11
3249,11
5404,11
4803,11
570,11
2820,11
5910,11
234,11
2613,11
6816,11
4321,11
1415,11
827,11
3900,11
3287,11
6737,11
7281,11
4229,11
1613,11
330,11
3400,11
3533,11
1820,11
7001,11
81,11
2156,11
4435,11
2025,11
560,11
1295,11
6729,11
4973,11
7015,11
4227,11
581,11
7752,11
1390,11
7277,11
3515,11
6427,11
2174,11
1064,11
1709,11
1399,11
118,11
1331,11
6401,11
6589,11
2528,11
2900,11
4352,11
824,11
4517,11
3243,11
6244,11
1735,11
5484,11
2445,11
3921,11
2224,11
91,11
4145,11
2097,11
4088,11
4981,11
4459,11
4696,11
2138,11
6459,11
1110,11
1401,11
7385,11
7380,11
6865,11
5427,11
2098,11
6400,11
2457,11
147,11
1617,11
5561,11
5294,11
6503,11
2602,11
3596,11
5062,11
2263,11
7678,11
2966,11
2164,11
291,11
1885,11
6360,11
7011,11
4092,11
5951,11
4078,11
3802,11
2635,11
4103,11
6217,11
4363,11
4159,11
4974,11
4311,11
3966,11
2041,11
997,11
6556,11
5060,11
510,11
2657,11
3047,11
2628,11
1822,11
5954,11
3884,11
397,11
686,11
480,11
3144,11
1478,11
108,11
6033,11
1480,11
4281,11
1595,11
2759,11
2878,11
2032,11
1975,11
5449,11
4380,11
2861,11
527,11
7006,11
7158,11
6609,11
3460,11
2541,11
1846,11
5017,11
7404,11
3960,11
3141,11
1131,11
3755,11
5364,11
3611,11
681,11
7070,11
190,11
1499,11
5906,11
3620,11
100,11
4002,11
203,11
3513,11
2012,11
6138,11
6889,11
6858,11
4287,11
6031,11
4104,11
1510,11
186,11
2993,11
2381,11
2130,11
4454,11
5299,11
4467,11
177,11
5891,11
2877,11
5623,11
6656,11
7173,11
1932,11
5086,11
812,11
5080,11
4532,11
2634,11
34,11
1541,11
5059,11
5489,11
1096,11
2584,11
3592,11
1494,11
7616,11
7150,11
5290,11
4039,11
2420,11
3140,11
1021,11
2814,11
2026,11
851,11
6445,11
232,11
205,11
48,11
6068,11
4318,11
855,11
1646,11
2640,11
4901,11
3781,11
5764,11
5859,11
6230,11
5895,11
497,11
2380,11
5038,11
7788,11
766,11
4938,11
6856,11
7649,11
6405,11
3276,11
7132,11
2964,11
4943,11
817,11
2136,11
2700,11
4332,11
1702,11
7612,11
3905,11
212,11
1116,11
7810,11
2388,11
1302,11
2228,11
1066,11
4966,11
1436,11
4384,11
4301,11
6032,11
7441,11
5966,11
1551,11
3931,11
2610,11
3501,11
999,11
6921,11
5047,11
1063,11
879,11
1298,11
2614,11
4285,11
3986,11
932,11
5144,11
258,11
2484,11
6990,11
7583,11
1648,11
3496,11
717,11
3531,11
1546,11
1606,11
3823,11
1270,11
1458,11
7458,11
6527,11
942,11
6376,11
1561,11
4204,11
1542,11
6891,11
2058,11
5045,11
7684,11
3591,11
1736,11
2531,11
5942,11
4764,11
6511,11
6206,11
7537,11
5996,11
1496,11
5123,10
7106,10
7741,10
1958,10
3403,10
6355,10
2275,10
4887,10
2559,10
6379,10
6398,10
4050,10
7607,10
7639,10
139,10
296,10
6285,10
6593,10
4259,10
1727,10
3782,10
4192,10
1367,10
4623,10
1449,10
5716,10
7721,10
167,10
4909,10
656,10
4348,10
1828,10
4023,10
28,10
214,10
5412,10
2400,10
7642,10
7327,10
5994,10
6449,10
3146,10
1713,10
5292,10
1756,10
2222,10
3806,10
430,10
2940,10
5116,10
1235,10
3137,10
3031,10
6306,10
2653,10
3994,10
3052,10
422,10
425,10
1645,10
1957,10
6086,10
1461,10
4243,10
1668,10
3487,10
7257,10
6896,10
7472,10
6235,10
693,10
4372,10
433,10
1184,10
3020,10
477,10
3937,10
3597,10
4402,10
5916,10
3344,10
6957,10
6026,10
5536,10
4049,10
2145,10
1207,10
1998,10
1989,10
1963,10
1986,10
2076,10
7700,10
98,10
5109,10
1243,10
4594,10
3433,10
426,10
2571,10
6952,10
5717,10
561,10
1704,10
6436,10
6072,10
1540,10
4253,10
2505,10
7679,10
3863,10
1779,10
691,10
7399,10
7577,10
6237,10
461,10
4964,10
836,10
7299,10
7436,10
5417,10
4482,10
1281,10
1388,10
149,10
6496,10
3331,10
5173,10
2444,10
1353,10
5711,10
3245,10
4294,10
5115,10
1296,10
324,10
7318,10
5030,10
5990,10
745,10
3148,10
7251,10
1844,10
1988,10
6432,10
3510,10
6596,10
2209,10
7275,10
498,10
1589,10
5827,10
123,10
3832,10
5247,10
848,10
2750,10
7481,10
4166,10
6156,10
2539,10
6418,10
1716,10
1338,10
3772,10
6833,10
4324,10
3489,10
7301,10
4304,10
3248,10
1633,10
7253,10
2485,10
3376,10
1348,10
499,10
121,10
536,10
5894,10
1933,10
7369,10
3004,10
7025,10
1073,10
7029,10
4198,10
1330,10
64,10
958,10
5637,10
1359,10
4249,10
4119,10
449,10
6672,10
4756,10
2932,10
3941,10
2647,10
3575,10
5439,10
4059,10
6121,10
3314,10
3455,10
3919,10
2859,9
3590,9
4022,9
5671,9
6279,9
5214,9
6597,9
7226,9
7630,9
3779,9
2246,9
468,9
7566,9
3726,9
1393,9
641,9
2682,9
2362,9
6868,9
2591,9
4314,9
5090,9
2972,9
222,9
7058,9
829,9
4042,9
2601,9
841,9
6006,9
6236,9
297,9
5754,9
7410,9
3815,9
5935,9
2515,9
6347,9
5618,9
1101,9
7434,9
5522,9
4929,9
6392,9
2183,9
7485,9
6288,9
2371,9
2331,9
2585,9
3168,9
3368,9
1280,9
1344,9
6688,9
2800,9
4189,9
5002,9
6967,9
2018,9
6612,9
5685,9
789,9
4524,9
899,9
5987,9
1150,9
7325,9
4951,9
7778,9
1366,9
6112,9
5095,9
289,9
7415,9
2460,9
1652,9
6389,9
2938,9
1233,9
4000,9
5654,9
7012,9
3924,9
6080,9
2413,9
1365,9
1036,9
6835,9
5550,9
286,9
2207,9
7185,9
2862,9
7278,9
6220,9
2352,9
1783,9
1611,9
3984,9
7665,9
7120,9
3077,9
4286,9
3712,9
6280,9
7184,9
3586,9
2095,9
1410,9
5303,9
3720,9
3595,9
2017,9
191,9
7298,9
3912,9
3956,9
6574,9
1780,9
6530,9
6618,9
4109,9
6395,9
2856,9
1921,9
2947,9
917,9
355,9
6924,9
3118,9
2949,9
794,9
2593,9
2976,9
696,9
1477,9
7034,9
3683,9
1079,9
1128,9
4406,9
1657,9
7203,9
968,9
3490,9
5953,9
5312,9
3640,9
7231,9
534,9
4869,9
3182,9
1724,9
3143,9
3395,9
3594,9
1904,9
7482,9
4005,9
415,9
4903,9
1290,9
849,9
4758,9
4269,9
5323,9
5277,9
5092,9
5150,9
3976,9
1520,9
4226,9
4728,9
6566,9
1341,9
3828,9
1818,9
6980,9
295,9
2542,9
7274,9
5180,9
2144,9
274,9
2060,9
2135,9
4456,9
5465,9
1292,9
3765,9
3125,9
5071,9
533,9
7192,9
4692,9
548,9
3154,9
3349,9
3398,9
963,9
4055,9
2126,9
1806,9
3525,9
2080,9
6654,9
2587,9
7416,9
582,9
7402,9
6489,9
5320,9
3906,9
6751,9
4854,9
6834,9
4505,9
6460,9
946,9
2702,9
4333,9
2265,9
6172,9
7332,9
1115,9
1168,9
4279,9
1029,9
1811,9
3135,9
7536,9
786,9
614,9
3753,9
4472,9
1762,9
110,9
5796,9
5455,8
2588,8
18,8
5361,8
7212,8
7483,8
7809,8
55,8
4949,8
1120,8
762,8
7136,8
2777,8
5605,8
225,8
2939,8
5351,8
2315,8
1304,8
4635,8
135,8
4400,8
6538,8
2278,8
7100,8
2883,8
5973,8
217,8
3874,8
2093,8
3278,8
1799,8
1117,8
752,8
4295,8
4479,8
2948,8
4228,8
5237,8
6,8
704,8
5423,8
2934,8
2710,8
7543,8
1750,8
6414,8
2742,8
7542,8
6089,8
492,8
7375,8
3665,8
1914,8
5446,8
6130,8
2961,8
6333,8
1370,8
1123,8
905,8
4452,8
6169,8
1567,8
6271,8
5103,8
2716,8
5036,8
7235,8
5273,8
3685,8
5079,8
3622,8
5052,8
2431,8
2010,8
3775,8
3156,8
4071,8
6899,8
1077,8
1460,8
1024,8
3023,8
4506,8
7834,8
1041,8
3176,8
655,8
1316,8
1621,8
7167,8
1078,8
3809,8
3483,8
4308,8
7354,8
5001,8
4937,8
3605,8
1182,8
5314,8
1236,8
626,8
2654,8
429,8
5463,8
3499,8
781,8
7296,8
3934,8
3871,8
2679,8
4521,8
3985,8
1419,8
4263,8
7628,8
2216,8
587,8
404,8
2561,8
1680,8
6127,8
388,8
1681,8
6626,8
3328,8
7254,8
2799,8
7290,8
3752,8
6552,8
4598,8
5006,8
5398,8
1481,8
7019,8
4650,8
3535,8
5641,8
4120,8
6196,8
1377,8
1142,8
416,8
6863,8
7048,8
3571,8
4694,8
7141,8
2597,8
2636,8
1907,8
134,8
5971,8
6780,8
1840,8
881,8
4100,8
4487,8
2271,8
86,8
1873,8
1391,8
354,8
4200,8
3373,8
3347,8
4160,8
1196,8
2589,8
1812,8
1360,8
4114,8
5607,8
3872,8
7098,8
4988,8
6528,8
3345,8
3814,8
5784,8
3756,8
890,8
1775,8
5426,8
2329,8
3057,8
3178,8
3337,8
5340,8
5044,8
6325,8
2843,8
6446,8
7657,8
3958,8
4841,8
799,8
7740,8
7793,8
1938,8
157,8
7593,8
4292,8
3694,8
3738,8
1246,8
2451,8
3999,8
6321,8
2467,8
6548,8
3486,8
6064,8
3439,8
483,8
1412,8
5026,8
4126,8
6662,8
146,8
3422,8
1973,8
6828,8
5456,8
3303,8
4518,8
2260,8
6838,8
1210,8
2212,8
2672,8
5903,8
1990,8
1440,8
6151,8
2884,8
6913,8
734,8
319,8
4535,8
207,8
1827,8
2579,8
2028,8
5946,8
5713,8
7348,8
590,8
1325,8
392,8
4784,8
470,8
1171,8
4214,8
4008,8
3370,8
4175,8
6756,8
3561,8
3868,8
2044,8
4648,8
3139,8
1371,8
3025,8
2175,8
4688,8
4993,8
2308,8
7114,7
7582,7
4477,7
3032,7
2313,7
5476,7
5191,7
453,7
7440,7
1576,7
6123,7
5730,7
62,7
5089,7
1673,7
2775,7
7407,7
4017,7
244,7
1283,7
4215,7
7701,7
701,7
5952,7
2839,7
59,7
4699,7
5346,7
4596,7
5845,7
7818,7
1917,7
6157,7
1690,7
1306,7
2979,7
3185,7
4464,7
6339,7
5093,7
1935,7
1836,7
685,7
5728,7
3454,7
6791,7
6343,7
5887,7
2712,7
4661,7
7443,7
3339,7
7647,7
2454,7
2015,7
1276,7
7121,7
3953,7
7133,7
4470,7
6106,7
2448,7
5512,7
89,7
3346,7
472,7
7610,7
74,7
2749,7
2425,7
3385,7
3771,7
993,7
4207,7
4663,7
2868,7
3386,7
3785,7
6310,7
1528,7
2623,7
7782,7
7724,7
432,7
5853,7
3172,7
2664,7
5959,7
5737,7
5081,7
3687,7
7367,7
4970,7
63,7
7757,7
6311,7
2581,7
1684,7
2055,7
7744,7
2318,7
5806,7
2312,7
7388,7
6880,7
1069,7
6358,7
2739,7
3391,7
6144,7
4338,7
2316,7
5318,7
4590,7
5961,7
133,7
5457,7
7827,7
4297,7
6084,7
4024,7
5420,7
4997,7
759,7
6034,7
2805,7
5950,7
7784,7
1271,7
6208,7
2699,7
7720,7
7062,7
1050,7
44,7
5097,7
2394,7
1301,7
124,7
316,7
4335,7
4587,7
2776,7
6914,7
5239,7
4899,7
5296,7
683,7
5415,7
7302,7
4337,7
1049,7
2034,7
6289,7
2625,7
2980,7
2600,7
70,7
5532,7
5049,7
3930,7
2367,7
1462,7
6634,7
3677,7
4051,7
6514,7
6456,7
185,7
6017,7
5963,7
5524,7
4410,7
936,7
2595,7
2154,7
96,7
2569,7
1092,7
2673,7
2731,7
1640,7
4483,7
7214,7
3979,7
831,7
7371,7
952,7
3059,7
962,7
7796,7
7548,7
998,7
398,7
7505,7
6739,7
2669,7
5445,7
5470,7
26,7
2929,7
2346,7
2106,7
3018,7
3365,7
911,7
4962,7
4001,7
1332,7
7064,7
3761,7
312,7
3112,7
5516,7
5362,7
4328,7
6409,7
7044,7
6282,7
4255,7
1256,7
5625,7
6581,7
1130,7
6417,7
7221,7
6643,7
5821,7
3322,7
7211,7
6061,7
2833,7
5228,7
2141,7
2580,7
3945,7
2650,7
442,7
3461,7
6005,7
3915,7
1249,7
6792,7
5479,7
2567,7
3778,7
4365,7
2489,7
4213,7
2242,7
1507,7
652,7
1509,7
5547,7
1310,7
3682,7
805,7
5158,7
1637,7
482,7
2078,7
4556,7
4250,7
3841,7
4852,7
2288,7
2240,7
4273,7
6825,7
4514,7
4638,7
594,7
6063,7
6207,7
6531,7
2309,7
1443,7
4327,7
3824,7
4572,7
2798,7
4550,7
3599,7
6336,7
50,7
5876,7
2854,7
3440,7
1850,7
2426,7
5646,7
1987,7
6981,7
6110,7
2369,7
6800,7
6229,7
3520,7
6624,7
5729,7
6667,7
1809,7
5021,7
2824,7
2020,7
1587,7
4960,7
4155,7
733,7
3159,7
4142,7
1027,7
7004,7
4468,7
3565,7
115,7
1176,7
4829,7
507,7
3206,7
5570,7
3450,7
2817,7
2943,7
5722,7
631,7
7295,7
2806,7
889,7
7697,7
7260,7
5210,7
346,7
2125,7
4251,7
3894,7
3211,7
2701,7
3502,7
484,7
6711,7
6850,7
4300,7
7123,7
6070,7
3353,7
92,7
3879,7
7832,7
4629,7
1530,7
2314,7
7060,7
3732,7
1524,7
4449,7
5305,7
4108,7
3289,7
6118,7
1240,7
126,7
6871,7
5124,7
2003,7
6078,7
3624,7
2829,7
6028,7
5529,7
6558,7
4861,7
5604,7
5255,7
1119,7
4815,7
6777,7
1863,7
2492,7
4113,7
481,7
1872,7
2447,7
3882,7
7619,7
3547,7
4842,7
7065,7
6194,7
5560,7
4984,7
6544,7
1571,7
1392,7
49,7
1118,7
1871,7
5028,7
3229,7
5004,7
1660,7
7267,7
2133,7
1773,7
2194,7
7667,7
5088,7
1737,7
4942,7
4184,7
7461,7
6185,7
7634,7
3860,7
1108,7
5308,7
4128,7
7636,7
3101,7
3254,7
6045,7
4371,7
136,7
5686,7
1349,7
2089,7
2354,7
5970,7
2019,7
1053,7
5138,7
7547,7
60,7
6502,7
3092,7
4543,7
7091,7
459,7
7753,7
1034,7
2449,7
7527,7
1513,7
1968,7
959,7
5140,7
6887,7
4967,7
1011,7
2438,7
6349,7
5794,7
7130,7
4859,7
6240,7
6946,7
5674,7
5304,7
2652,7
1956,7
1404,7
2495,7
7342,7
3054,7
4753,7
738,7
1894,7
4072,7
1314,7
6397,7
7446,7
601,7
7477,7
2711,7
3696,7
1031,7
4732,7
5462,7
4085,7
6385,7
5078,7
3973,7
3653,7
7591,7
2079,7
2450,7
908,7
4659,7
1896,7
2586,7
6669,7
3084,7
6490,7
4147,7
964,7
7099,7
3895,7
1826,7
3259,7
1340,7
7092,7
927,7
1244,7
7728,7
6270,7
689,7
496,7
4959,7
7604,7
7081,7
1801,7
5724,7
3075,7
1422,7
1328,7
3446,7
571,7
3838,7
1923,7
1179,7
4624,7
1326,7
154,7
4289,7
3423,7
7202,7
4826,7
633,7
5760,7
3737,7
5855,7
1156,7
6561,7
896,7
5613,7
5359,7
6388,7
5941,7
5253,7
4547,7
3803,7
3742,7
6198,7
10,7
1625,7
5544,7
5842,7
6370,7
5200,7
939,7
6330,7
5736,7
790,7
657,7
1001,7
489,7
3272,7
758,7
5601,7
6984,7
4124,7
2205,7
211,7
559,7
546,7
7479,7
5342,7
271,7
989,7
576,7
5608,7
281,7
943,7
2291,7
1299,7
4830,7
1866,7
7005,7
4134,7
2049,7
2810,7
3414,7
787,7
3944,7
7084,7
4617,7
1999,7
325,7
1139,7
6411,7
6372,7
4393,7
653,7
2176,7
2250,7
4445,7
2692,7
2042,7
6268,7
1835,7
4898,7
1784,7
1498,7
5271,7
3484,7
1767,7
5923,7
4414,7
897,7
6638,7
2468,7
2583,7
1206,7
2691,7
4014,7
1293,7
5720,7
2774,7
3136,7
4689,7
4493,7
1218,7
306,7
3648,7
6508,7
3493,7
503,7
3253,7
3039,7
6524,7
1222,7
3707,7
1470,7
6839,7
4971,7
3839,7
6278,7
6940,7
1411,7
5204,7
4508,7
151,7
3421,7
2051,7
5276,7
3735,7
1205,7
2758,7
886,7
6584,7
925,7
7007,7
1569,7
2771,7
5588,7
3094,7
2853,7
3681,7
1086,7
3799,7
3326,7
535,7
4404,7
7166,7
697,7
1946,7
83,7
1080,7
2770,7
2696,7
1363,7
2646,7
3537,7
6444,7
4135,7
5151,7
4216,7
3438,7
5350,7
5525,7
2442,7
4522,7
2279,7
6763,7
7708,7
6346,6
4847,6
3180,6
6894,6
2148,6
5648,6
1676,6
4153,6
6897,6
6749,6
5238,6
3840,6
2427,6
3870,6
1289,6
1396,6
7496,6
6269,6
4020,6
4442,6
95,6
4481,6
2283,6
248,6
7339,6
4631,6
6857,6
3119,6
6309,6
7531,6
6728,6
7330,6
268,6
7659,6
4762,6
796,6
4610,6
4812,6
182,6
7017,6
3437,6
7134,6
1523,6
3797,6
4399,6
4800,6
4362,6
5818,6
3739,6
1899,6
6852,6
753,6
5800,6
4923,6
902,6
2690,6
3702,6
6701,6
3145,6
1581,6
6069,6
7154,6
3798,6
774,6
3518,6
1221,6
1464,6
6969,6
259,6
2790,6
5566,6
2627,6
7779,6
7431,6
4702,6
2553,6
7695,6
6876,6
6066,6
4265,6
3818,6
5743,6
5302,6
3224,6
5169,6
4401,6
1770,6
4202,6
3521,6
3443,6
2299,6
202,6
4748,6
3644,6
3087,6
1927,6
199,6
868,6
3847,6
1469,6
965,6
5701,6
1127,6
5487,6
1375,6
3551,6
1696,6
688,6
3356,6
80,6
1959,6
1384,6
6699,6
3378,6
1517,6
3749,6
2723,6
2971,6
6855,6
4904,6
6771,6
1599,6
2796,6
6758,6
806,6
6632,6
3394,6
1162,6
7220,6
5306,6
4851,6
3090,6
4806,6
3844,6
3081,6
3447,6
677,6
4398,6
6182,6
5297,6
1852,6
417,6
4206,6
5558,6
5381,6
776,6
509,6
5925,6
2310,6
6657,6
862,6
1547,6
4677,6
4194,6
4733,6
1485,6
4540,6
6415,6
4720,6
2897,6
4491,6
7672,6
592,6
5727,6
3316,6
4164,6
3581,6
3192,6
4222,6
460,6
4612,6
1257,6
6621,6
6522,6
736,6
3082,6
5370,6
4588,6
2418,6
4871,6
5969,6
293,6
1187,6
2249,6
4323,6
1364,6
2616,6
2763,6
431,6
2555,6
5012,6
1590,6
5248,6
4293,6
4769,6
5147,6
7509,6
4438,6
5295,6
1379,6
7664,6
4220,6
3367,6
756,6
145,6
5374,6
3736,6
2458,6
4944,6
2103,6
5056,6
7178,6
5490,6
4885,6
6222,6
7690,6
5900,6
585,6
7791,6
5375,6
7095,6
5940,6
6874,6
3073,6
2052,6
3269,6
2064,6
956,6
5288,6
7137,6
1508,6
4604,6
3541,6
4930,6
3940,6
6480,6
5400,6
4982,6
3836,6
6247,6
2977,6
1075,6
6195,6
4381,6
4989,6
4620,6
1433,6
2435,6
2225,6
7830,6
2902,6
5443,6
3441,6
5611,6
1955,6
6717,6
712,6
3574,6
4891,6
1104,6
6327,6
288,6
4374,6
6991,6
328,6
1643,6
5494,6
7285,6
4710,6
3971,6
4162,6
4235,6
2863,6
6735,6
72,6
7164,6
6782,6
6567,6
372,6
315,6
7027,6
5802,6
6122,6
4615,6
6954,6
6720,6
4742,6
975,6
6890,6
6322,6
6029,6
505,6
4568,6
463,6
5705,6
7314,6
5106,6
1650,6
2234,6
189,6
4426,6
6617,6
7063,6
6266,6
7329,6
6171,6
7817,6
6035,6
2235,6
3295,6
2891,6
938,6
4231,6
2851,6
2094,6
3129,6
4931,6
7737,6
7661,6
6292,6
1535,6
2182,6
3972,6
2120,6
5389,6
954,6
339,6
7576,6
7223,6
4627,6
3608,6
2889,6
7698,6
420,6
6917,6
6254,6
945,6
4750,6
6147,6
6685,6
4430,6
7009,6
6242,6
5723,6
5065,6
7365,6
3891,6
606,6
6124,6
3542,6
3299,6
2768,6
5291,6
5073,6
604,6
7079,6
5645,6
4148,6
522,6
6884,6
793,6
3913,6
5242,6
842,6
4169,6
7042,6
1026,6
2870,6
7645,6
3399,6
7800,6
4954,6
5145,6
1918,6
223,6
6281,6
5934,6
4212,6
3452,6
2801,6
6180,6
6695,6
3675,6
4642,6
1558,6
1230,6
321,6
2150,6
6408,6
5139,6
4394,6
5943,6
6153,6
4625,6
521,6
3697,6
2373,6
5069,6
5751,6
7638,6
4098,6
2554,6
2226,6
6731,6
7656,6
5468,6
4106,6
2969,6
6625,6
5161,6
4686,6
5221,6
4597,6
4489,6
4082,6
5087,6
282,6
4342,6
3010,6
7045,6
5091,6
3552,6
1533,6
2251,6
6160,6
3850,6
863,6
7259,6
5011,6
7559,6
3724,6
5813,6
1369,6
3306,6
2229,6
7072,6
7769,6
166,6
2714,6
5964,6
2165,6
3160,6
6079,6
668,6
323,6
7222,6
630,6
307,6
2866,6
2680,6
6962,6
266,6
2377,6
4423,6
1922,6
5331,6
3064,6
7786,6
2038,6
7157,6
1548,6
6743,6
6477,6
1386,6
6076,6
4608,6
7383,6
5918,6
4945,6
1691,6
5756,6
7151,6
2792,6
6214,6
1039,6
152,6
5155,6
1634,6
379,6
230,6
2840,5
6043,5
4504,5
1038,5
7122,5
5939,5
4041,5
4802,5
5612,5
5211,5
7722,5
2837,5
7451,5
2564,5
3150,5
6227,5
7082,5
1503,5
6665,5
6154,5
3312,5
3444,5
4651,5
4052,5
4441,5
2330,5
2137,5
5974,5
7631,5
5199,5
4291,5
2604,5
6582,5
5636,5
4457,5
4790,5
6188,5
6248,5
7586,5
5430,5
6225,5
6804,5
3671,5
5515,5
6753,5
1805,5
7759,5
6820,5
6451,5
6253,5
6799,5
6842,5
2459,5
1687,5
4528,5
6719,5
5902,5
7595,5
6847,5
6898,5
6464,5
7224,5
3048,5
1789,5
1143,5
3388,5
2233,5
2256,5
4434,5
7265,5
2494,5
7794,5
7026,5
2896,5
4778,5
4781,5
2830,5
5689,5
6802,5
3425,5
6213,5
2084,5
5586,5
310,5
2649,5
3867,5
722,5
3568,5
5739,5
1202,5
3210,5
5643,5
4045,5
3463,5
1274,5
2872,5
1262,5
6150,5
4074,5
3359,5
4486,5
3821,5
1491,5
7239,5
3480,5
6649,5
7579,5
6859,5
6515,5
4329,5
6570,5
1002,5
7719,5
11,5
4669,5
2832,5
1544,5
1132,5
6487,5
2719,5
2605,5
3969,5
7815,5
6798,5
5901,5
6534,5
5473,5
1093,5
6943,5
3284,5
6338,5
6334,5
7627,5
1070,5
1441,5
3379,5
7613,5
7288,5
1776,5
1421,5
1426,5
2411,5
6425,5
5104,5
7655,5
1726,5
3098,5
4326,5
1853,5
2022,5
1534,5
4657,5
4188,5
2917,5
5048,5
4469,5
3667,5
6450,5
6607,5
5085,5
1610,5
1515,5
5283,5
4902,5
7074,5
3309,5
4274,5
3027,5
2560,5
423,5
2675,5
7101,5
7754,5
3255,5
7163,5
7637,5
4776,5
2908,5
5461,5
4950,5
6757,5
1416,5
5554,5
6393,5
233,5
2480,5
4180,5
2757,5
1033,5
7480,5
2887,5
4260,5
179,5
6406,5
5388,5
5908,5
7696,5
5217,5
4519,5
1224,5
566,5
181,5
6002,5
3225,5
7338,5
6128,5
5432,5
5573,5
2497,5
4551,5
5700,5
3197,5
2397,5
3876,5
3215,5
5409,5
5366,5
5407,5
4364,5
4786,5
448,5
5531,5
2577,5
5102,5
5175,5
4247,5
5835,5
1741,5
5732,5
1764,5
4370,5
6708,5
6215,5
129,5
1985,5
6146,5
3329,5
1568,5
6159,5
1782,5
4502,5
2846,5
7677,5
3223,5
2110,5
7824,5
5434,5
4219,5
6299,5
6091,5
4611,5
4344,5
6218,5
4889,5
3026,5
3069,5
3218,5
2311,5
5843,5
7392,5
2339,5
6087,5
5593,5
1062,5
2272,5
5597,5
818,5
5225,5
3420,5
1352,5
2873,5
4895,5
3270,5
3355,5
5858,5
980,5
4673,5
4796,5
7138,5
948,5
5965,5
3848,5
3959,5
5055,5
2171,5
7423,5
4820,5
4412,5
1753,5
4893,5
6041,5
4818,5
6902,5
5709,5
2563,5
2192,5
5212,5
1339,5
1795,5
953,5
6644,5
2728,5
746,5
7335,5
4241,5
5360,5
363,5
5385,5
568,5
1915,5
5337,5
4033,5
2054,5
4036,5
6119,5
7197,5
1195,5
6724,5
4070,5
2414,5
53,5
6789,5
5854,5
1065,5
2621,5
1888,5
874,5
4994,5
3911,5
4061,5
6361,5
7376,5
342,5
2617,5
1675,5
6258,5
4325,5
4299,5
4932,5
6623,5
4773,5
273,5
1177,5
1303,5
3506,5
3647,5
801,5
3390,5
213,5
3866,5
4375,5
5307,5
5583,5
2014,5
5428,5
2874,5
4766,5
5309,5
2511,5
6554,5
7334,5
6989,5
6559,5
6866,5
4618,5
4133,5
735,5
967,5
4163,5
5589,5
2882,5
1014,5
3719,5
4168,5
3049,5
2280,5
5061,5
188,5
2359,5
3372,5
4403,5
5811,5
4675,5
6105,5
4480,5
7233,5
7104,5
4591,5
6627,5
4897,5
5837,5
6246,5
2527,5
6377,5
7180,5
2292,5
4388,5
54,5
2941,5
3030,5
7773,5
7608,5
5496,5
761,5
3792,5
367,5
5280,5
6107,5
378,5
6769,5
6470,5
5788,5
665,5
6542,5
7135,5
5540,5
7328,5
4391,5
257,5
1522,5
3348,5
169,5
2245,5
1630,5
3320,5
5556,5
1698,5
7209,5
575,5
2073,5
381,5
4511,5
4455,5
1245,5
2159,5
7648,5
3584,5
4838,5
6096,5
1008,5
3321,5
1268,5
1266,5
5787,5
4244,5
3060,5
5300,5
2960,5
5148,5
344,5
6296,5
6934,5
4236,5
6986,5
3711,5
5182,5
5878,5
6903,5
3555,5
2147,5
961,5
7414,5
6829,5
6808,5
690,5
5672,5
7315,5
6224,5
5778,5
6987,5
6263,5
1418,5
2906,5
237,5
2850,5
3158,5
4031,5
5129,5
5197,5
982,5
7155,5
537,5
3548,5
864,5
3429,5
6259,5
3235,5
112,5
4390,5
596,5
7093,5
1910,5
6864,5
865,5
3549,5
611,5
2945,5
7792,5
7486,5
5552,5
2995,5
4316,5
2253,5
7745,5
2520,5
4805,5
6488,5
2923,5
3902,5
7581,5
2717,5
6283,5
5719,5
3589,5
4268,5
2408,5
4413,5
1585,5
4652,5
5072,5
1754,5
174,5
5107,5
5826,5
3852,5
1670,5
1705,5
6770,5
624,5
7463,5
5574,5
3465,5
2603,5
7763,5
6573,5
3436,5
4427,5
2186,5
3829,5
7030,5
4520,4
3044,4
6517,4
5644,4
2317,4
3857,4
1489,4
1924,4
1791,4
7703,4
2108,4
3858,4
1942,4
3409,4
1329,4
6668,4
4156,4
1545,4
2430,4
2642,4
5220,4
5765,4
1945,4
1424,4
7051,4
3922,4
4465,4
1723,4
6633,4
727,4
7389,4
6660,4
7370,4
4662,4
3680,4
3655,4
1880,4
2540,4
4834,4
4630,4
2743,4
5831,4
5243,4
278,4
3194,4
5356,4
206,4
131,4
5128,4
2247,4
3795,4
4827,4
3641,4
1565,4
4537,4
5692,4
6113,4
5557,4
242,4
7246,4
1725,4
4443,4
5485,4
3068,4
5767,4
3890,4
7020,4
7234,4
2999,4
6025,4
2116,4
3396,4
5136,4
7447,4
1506,4
4735,4
5511,4
6971,4
4956,4
5984,4
5383,4
5112,4
6723,4
609,4
809,4
5507,4
3123,4
284,4
5157,4
5656,4
4389,4
7574,4
386,4
2713,4
2139,4
1074,4
1936,4
6187,4
5922,4
4614,4
4666,4
4548,4
4922,4
7181,4
4208,4
4530,4
5254,4
113,4
261,4
4755,4
5355,4
5474,4
3315,4
1738,4
4239,4
7795,4
116,4
6290,4
294,4
5675,4
3602,4
2848,4
4875,4
1707,4
6243,4
7689,4
3577,4
3908,4
7635,4
7059,4
6404,4
7466,4
5143,4
7049,4
7605,4
1721,4
5759,4
4811,4
4560,4
2401,4
4745,4
2562,4
5213,4
7204,4
6129,4
7359,4
4817,4
5712,4
6779,4
3076,4
7820,4
7760,4
6732,4
5526,4
6550,4
7362,4
6165,4
5125,4
6300,4
3898,4
4533,4
3242,4
2633,4
4433,4
6710,4
4774,4
4585,4
6479,4
6012,4
5023,4
6518,4
6831,4
3787,4
7321,4
303,4
5734,4
4844,4
6689,4
1870,4
5989,4
6818,4
3679,4
5395,4
3109,4
4025,4
1217,4
7319,4
7313,4
2793,4
1406,4
5452,4
5602,4
5493,4
2828,4
7189,4
512,4
3856,4
376,4
2286,4
7828,4
1693,4
5202,4
4564,4
3606,4
2746,4
1125,4
1089,4
7551,4
1455,4
3062,4
6486,4
3917,4
5357,4
4006,4
56,4
7594,4
5658,4
5886,4
466,4
1213,4
4355,4
4563,4
4139,4
1324,4
6673,4
5082,4
3690,4
6734,4
5354,4
7024,4
4717,4
7172,4
7516,4
5250,4
2007,4
6911,4
4619,4
5766,4
3153,4
4808,4
6849,4
4091,4
7560,4
7309,4
228,4
984,4
4855,4
3228,4
6563,4
4288,4
5058,4
2557,4
2102,4
229,4
6760,4
3407,4
3286,4
4584,4
6995,4
7139,4
5833,4
3442,4
5683,4
6999,4
7495,4
6796,4
2573,4
2142,4
1671,4
5459,4
7337,4
2662,4
3404,4
3820,4
7705,4
101,4
3673,4
4140,4
4676,4
3034,4
749,4
7589,4
6132,4
4787,4
5687,4
3833,4
6040,4
1308,4
7002,4
7733,4
2262,4
4919,4
3357,4
195,4
164,4
3579,4
6416,4
6114,4
5391,4
3598,4
6276,4
3191,4
7033,4
7112,4
2122,4
1647,4
1490,4
2455,4
1984,4
3005,4
4545,4
3978,4
6927,4
4516,4
4567,4
4900,4
3418,4
3006,4
5698,4
3777,4
5725,4
3265,4
6104,4
5957,4
2211,4
7693,4
1978,4
2436,4
2091,4
4779,4
944,4
2996,4
832,4
5196,4
2424,4
4444,4
2954,4
4035,4
5020,4
771,4
7043,4
1409,4
6324,4
4672,4
1317,4
3812,4
6560,4
3080,4
7770,4
7411,4
2269,4
7568,4
1288,4
6252,4
5216,4
2869,4
2132,4
4203,4
3193,4
2942,4
4350,4
5410,4
6702,4
6003,4
7658,4
6938,4
1144,4
4499,4
6948,4
4280,4
7751,4
7391,4
3631,4
5514,4
5707,4
2213,4
7252,4
7289,4
5804,4
6674,4
4534,4
2065,4
5847,4
4447,4
5504,4
1909,4
4053,4
5892,4
5414,4
6786,4
336,4
783,4
6332,4
1908,4
4691,4
7430,4
6022,4
1389,4
5025,4
4789,4
5118,4
2443,4
913,4
6814,4
6210,4
3530,4
1916,4
6359,4
3435,4
4856,4
2835,4
6832,4
2818,4
3132,4
5386,4
1883,4
5726,4
1459,4
2490,4
4986,4
4693,4
894,4
140,4
2916,4
1564,4
5810,4
6491,4
5345,4
800,4
7386,4
4603,4
4407,4
7243,4
4102,4
2158,4
2243,4
2177,4
7585,4
5219,4
5631,4
3250,4
1088,4
4373,4
5585,4
635,4
3892,4
7236,4
6223,4
720,4
334,4
6594,4
3849,4
22,4
1810,4
5803,4
4471,4
4880,4
487,4
6787,4
5567,4
5471,4
3366,4
1897,4
2477,4
6599,4
7247,4
7603,4
5344,4
4757,4
173,4
5313,4
4609,4
4822,4
2479,4
1839,4
3554,4
3651,4
1194,4
1468,4
2695,4
5815,4
1732,4
6166,4
4157,4
884,4
7663,4
1552,4
5503,4
6539,4
6272,4
5133,4
5137,4
3768,4
4101,4
3350,4
197,4
7175,4
4186,4
6471,4
6727,4
374,4
2910,4
1847,4
856,4
7433,4
5275,4
5545,4
5538,4
7077,4
1906,4
1612,4
7620,4
6375,4
6716,4
2678,4
1407,4
3612,4
2407,4
763,4
1529,4
5495,4
6493,4
78,4
5258,4
5682,4
5172,4
5135,4
4963,4
4523,4
4261,4
1858,4
1672,4
2619,4
3290,4
4783,4
21,4
1712,4
2259,4
3926,4
4777,4
6221,4
529,4
5218,4
2983,4
7403,4
3401,4
6378,4
4476,4
6384,4
4307,4
544,4
427,4
7170,4
6260,4
3283,4
4980,4
2285,4
4743,4
3392,4
6335,4
1209,4
7686,4
5152,4
4172,4
4670,4
921,4
1974,4
3190,4
7602,4
7304,4
5592,4
2745,4
2997,4
6439,4
4195,4
7205,4
2803,4
6082,4
5205,4
7428,4
3544,4
3467,4
5814,4
7368,4
941,4
7453,4
7617,4
4646,4
892,4
2167,4
3875,4
335,4
5066,4
4715,4
5779,4
7546,4
6905,4
586,4
7333,4
990,4
493,4
651,4
5562,4
3115,4
4858,4
1937,4
1511,4
5909,4
7514,4
7470,4
462,4
3559,4
7442,4
5208,4
2088,4
1867,4
4173,4
4780,4
5699,4
7382,4
5310,4
5757,4
2811,4
3277,4
36,4
3155,4
3479,4
2951,4
5546,4
5980,4
7499,4
4707,4
6730,4
3627,4
2925,4
525,4
4170,4
6841,4
725,4
3636,4
5865,4
2321,4
5425,4
3825,4
2488,4
67,4
4303,4
3288,4
5688,4
1004,4
7266,4
5740,4
5181,4
5501,4
3332,4
3298,4
2341,4
2057,4
6134,4
1346,4
7491,4
6255,4
5551,4
1082,4
1504,4
6998,4
6700,4
6598,4
7041,4
7541,4
5518,4
6431,4
5651,4
4857,4
2841,4
5774,4
4736,4
5610,4
1758,4
4593,4
2937,4
6320,4
1868,4
4969,4
2752,4
6611,4
6295,4
7113,4
7419,4
1527,4
5033,4
6100,4
6604,4
3727,4
7066,4
3927,4
7373,4
4990,4
5715,4
1778,4
5856,4
1453,4
2844,4
2476,4
5159,4
3504,4
5875,4
3573,4
406,4
1334,4
2767,4
7449,4
2368,4
7710,4
5595,4
7174,4
2779,4
885,4
6469,4
5587,4
1099,4
4972,4
4958,4
4526,4
1662,4
5281,4
7511,4
3619,4
3389,4
3285,4
5492,4
3629,4
4385,4
5206,4
455,4
3458,4
740,4
2223,4
52,4
1598,4
2764,4
5298,4
6848,4
4127,4
5483,4
2572,4
4004,4
4034,4
1941,4
2967,4
4718,4
3758,4
6933,3
3901,3
6775,3
3751,3
6742,3
7240,3
5977,3
3408,3
5259,3
2168,3
1699,3
7395,3
6492,3
1372,3
3327,3
5533,3
5198,3
671,3
3610,3
2215,3
7248,3
1757,3
7256,3
6318,3
2791,3
4892,3
3028,3
4918,3
3576,3
5753,3
6809,3
4011,3
238,3
4739,3
3950,3
5924,3
4466,3
6973,3
1777,3
1105,3
2008,3
2009,3
2172,3
7188,3
7550,3
7558,3
7755,3
7148,3
6478,3
6303,3
5676,3
5848,3
5442,3
877,3
3152,3
5904,3
7310,3
7195,3
5130,3
1666,3
6651,3
2922,3
4498,3
4182,3
7465,3
7502,3
7307,3
7312,3
1573,3
5365,3
471,3
4626,3
2404,3
4785,3
3601,3
7474,3
7340,3
6352,3
6139,3
7306,3
6755,3
7662,3
6098,3
1378,3
3654,3
5171,3
7361,3
7515,3
4849,3
6390,3
7563,3
1710,3
7103,3
4946,3
7545,3
4605,3
3715,3
2507,3
6473,3
1357,3
4383,3
5444,3
3899,3
4513,3
7837,3
5997,3
4839,3
551,3
5851,3
3728,3
4862,3
5265,3
5460,3
6170,3
7538,3
2353,3
4586,3
348,3
5227,3
3734,3
3861,3
4727,3
3817,3
3543,3
6564,3
4143,3
6843,3
6785,3
5791,3
4823,3
3260,3
3161,3
4933,3
6050,3
3157,3
4701,3
6754,3
6115,3
6726,3
3918,3
4649,3
3147,3
1447,3
583,3
1204,3
4419,3
7726,3
5663,3
1843,3
6363,3
2469,3
7508,3
6697,3
6696,3
6591,3
3181,3
2927,3
2592,3
3723,3
6238,3
6639,3
1056,3
1448,3
2936,3
2973,3
2772,3
4424,3
1414,3
4027,3
5372,3
5319,3
3744,3
3130,3
2334,3
5160,3
5076,3
3961,3
473,3
6635,3
4724,3
4141,3
918,3
6024,3
3897,3
577,3
3704,3
2230,3
1238,3
6474,3
4685,3
6202,3
4258,3
6803,3
6974,3
6725,3
6982,3
6712,3
4700,3
4768,3
6661,3
6806,3
6958,3
215,3
3227,3
5113,3
556,3
994,3
928,3
6197,3
1234,3
4080,3
5000,3
1451,3
6692,3
4580,3
7317,3
4330,3
7219,3
5542,3
2644,3
3769,3
2834,3
6904,3
2607,3
7426,3
5098,3
7513,3
6301,3
2324,3
5763,3
7555,3
3793,3
5598,3
3019,3
3804,3
2387,3
7805,3
165,3
5486,3
7501,3
5373,3
6652,3
4581,3
5168,3
5920,3
5577,3
6183,3
6993,3
6476,3
1474,3
2721,3
5640,3
250,3
5279,3
3220,3
5263,3
2881,3
6071,3
6680,3
2847,3
3980,3
5194,3
7618,3
5785,3
4719,3
3741,3
618,3
4146,3
3405,3
4667,3
6250,3
5034,3
6614,3
4544,3
107,3
7836,3
2475,3
4367,3
1982,3
5075,3
3988,3
6956,3
5185,3
628,3
3164,3
409,3
2416,3
4683,3
1025,3
2340,3
1588,3
5513,3
1145,3
5363,3
4809,3
4312,3
6316,3
6212,3
408,3
6900,3
4976,3
5224,3
5819,3
5413,3
4003,3
2666,3
3279,3
7355,3
4044,3
4076,3
3083,3
5972,3
3993,3
6736,3
4115,3
4341,3
3557,3
7439,3
4319,3
882,3
6813,3
3774,3
6216,3
6778,3
5392,3
1656,3
6407,3
7068,3
3877,3
4290,3
5343,3
4671,3
4538,3
2129,3
2755,3
5881,3
4296,3
6344,3
2350,3
6568,3
5301,3
5209,3
2306,3
5948,3
5829,3
5761,3
4501,3
859,3
4573,3
4793,3
7494,3
31,3
7467,3
2845,3
5735,3
2905,3
2030,3
1343,3
4270,3
3970,3
6759,3
6718,3
5506,3
7492,3
5096,3
3650,3
3747,3
3688,3
5393,3
972,3
5419,3
6846,3
4836,3
6304,3
3903,3
104,3
2944,3
7573,3
1665,3
2992,3
2729,3
5353,3
444,3
5905,3
5537,3
5179,3
5176,3
4272,3
1030,3
4565,3
2668,3
6133,3
5037,3
1584,3
7554,3
4016,3
6610,3
6168,3
5931,3
2086,3
6521,3
2348,3
7812,3
5750,3
4144,3
4569,3
4941,3
3819,3
6691,3
3764,3
7478,3
6381,3
5783,3
6430,3
4680,3
5770,3
6955,3
7685,3
4165,3
5650,3
7445,3
3788,3
7473,3
6872,3
6773,3
5825,3
5050,3
7269,3
5769,3
7272,3
1313,3
5042,3
5893,3
5633,3
37,3
1531,3
6722,3
4924,3
7124,3
610,3
3056,3
5866,3
4807,3
5311,3
4209,3
5694,3
6073,3
3230,3
7273,3
3770,3
3566,3
1841,3
6039,3
2821,3
2987,3
6354,3
7323,3
7704,3
2688,3
5647,3
1493,3
6844,3
5968,3
1337,3
1792,3
6994,3
5565,3
5274,3
6797,3
3241,3
2342,3
2706,3
7807,3
6257,3
7785,3
4475,3
4570,3
4083,3
3625,3
6965,3
6930,3
4722,3
2865,3
7732,3
5555,3
3428,3
3957,3
5429,3
3497,3
5615,3
5126,3
5662,3
2530,3
7777,3
4315,3
5569,3
3065,3
3040,3
6273,3
7353,3
5889,3
5832,3
7161,3
7229,3
7540,3
264,3
1654,3
6245,3
1373,3
5812,3
4634,3
4738,3
3335,3
1444,3
15,3
6394,3
3731,3
6694,3
676,3
6605,3
7118,3
1626,3
5742,3
1138,3
5673,3
3760,3
7459,3
4791,3
2013,3
2736,3
4853,3
6287,3
1876,3
128,3
1479,3
979,3
5702,3
7294,3
1000,3
2365,3
6640,3
3412,3
6821,3
2576,3
5534,3
7789,3
6148,3
1261,3
3007,3
5579,3
5424,3
269,3
3800,3
6851,3
2081,3
5084,3
2784,3
4302,3
7552,3
6794,3
4577,3
4509,3
6312,3
5287,3
7039,3
7833,3
2379,3
7055,3
5328,3
7600,3
6602,3
830,3
5019,3
4097,3
4934,3
2722,3
4655,3
4575,3
4744,3
5396,3
7808,3
7457,3
5046,3
4284,3
7469,3
3246,3
6562,3
6655,3
2046,3
4118,3
6642,3
6191,3
4090,3
3773,3
3213,3
1174,3
3896,3
860,3
87,3
6027,3
2990,3
2392,3
3108,3
2822,3
3263,3
7142,3
3691,3
7774,3
7207,3
2598,3
3556,3
3511,3
755,3
6189,3
5679,3
4010,3
6768,3
7040,3
3545,3
6090,3
7521,3
7438,3
6826,3
2535,3
1450,3
5603,3
4298,3
1311,3
4193,3
2402,3
7712,3
4038,3
5913,3
6468,3
6909,3
3923,3
4463,3
4191,3
6019,3
3796,3
5505,3
5262,3
6403,3
5704,3
2410,3
5397,3
4622,3
2188,3
3633,3
2396,3
821,3
4695,3
4726,3
2090,3
647,3
743,3
3509,3
4420,3
3364,3
4566,3
1629,3
3053,3
4048,3
7237,3
5666,3
7580,3
5497,3
5530,3
7758,3
7553,3
5657,3
7413,3
811,3
5696,3
5521,3
5864,3
4313,3
4549,3
7676,3
5584,3
4915,3
4754,3
4254,3
7471,3
3110,3
183,3
6203,3
623,3
7503,3
6693,3
4850,3
6036,3
283,3
5762,3
6494,3
144,3
6423,3
2875,3
893,3
4914,3
4507,3
2724,3
7036,3
678,3
6883,3
2816,3
2726,3
6650,3
6937,3
7691,3
3029,3
3616,3
6433,3
4429,3
5678,3
3070,3
6441,3
4190,3
6679,3
4369,3
7341,3
5332,3
4439,3
4723,3
3261,3
6181,3
4952,3
7522,3
3195,3
4709,3
5510,3
6044,3
909,3
4242,3
1466,3
7308,3
3527,3
6744,3
6463,3
6302,3
5927,3
2656,3
4788,3
3495,3
4799,3
1463,3
7245,3
3730,3
3572,3
4346,3
3317,3
5188,3
3050,3
2670,3
66,3
6516,3
1890,3
3093,3
7814,3
1320,3
2794,3
7349,3
5609,3
6959,3
3468,3
4063,3
5576,3
6294,3
754,3
6647,3
7249,3
7734,3
5911,3
6506,3
7412,3
6231,3
3709,3
531,3
2756,3
4277,3
3618,3
2067,3
1259,3
731,3
4136,3
4541,3
341,3
4396,3
2383,3
1122,3
1887,3
4770,3
6620,3
235,3
6410,3
1175,3
5134,3
6059,3
7735,3
7526,3
6929,3
2390,3
2982,3
5491,3
7614,3
7599,3
1279,3
5780,3
4009,3
518,3
7821,3
5074,3
6140,3
3275,3
3981,3
1518,3
3609,3
1500,3
4571,3
7083,3
3380,3
3430,3
7561,3
7292,3
4678,3
5244,3
6893,3
4395,3
7454,3
6440,3
4668,3
1385,3
4336,3
7772,3
1549,3
4697,3
4187,3
3294,3
440,3
5435,3
6529,3
6466,3
1185,3
6200,3
5744,3
5450,3
3780,3
5174,3
4894,3
6484,3
6907,3
1465,3
7160,3
6812,3
3766,3
580,3
5100,3
6094,3
7146,3
7813,3
3666,3
5823,3
7609,3
2956,3
4632,3
4810,3
5535,3
375,3
7393,3
368,3
7264,3
5329,3
6046,3
7699,3
5933,3
5035,3
7829,3
4536,3
279,3
2320,3
2351,3
7057,3
6600,3
5809,3
5416,3
5594,3
7398,3
3363,3
2461,3
5469,3
4018,3
3808,3
7572,3
2988,3
7390,3
2926,3
5944,3
838,3
5201,3
5880,3
4448,3
7626,3
5882,3
7651,3
7111,3
5681,3
5317,3
105,3
971,3
3393,3
4804,3
5915,3
2327,3
7713,3
5401,3
3171,3
7347,3
7660,3
6629,3
3055,3
5572,3
5325,3
2509,3
2998,3
2974,3
6772,3
4069,3
4713,3
1997,3
3416,3
5371,3
246,3
5105,3
4633,3
7776,3
3762,3
6762,3
137,3
3955,3
1160,3
3672,3
6483,3
3928,3
7556,3
500,3
6648,3
5256,3
6681,3
7653,3
3413,3
318,3
7270,3
4421,3
3637,3
3240,3
5234,3
1305,3
523,3
3033,3
713,3
2984,3
5596,3
4557,3
1682,3
3954,3
699,3
7520,3
6901,3
5661,3
387,3
5839,3
7723,3
6793,3
6314,3
1044,3
7715,3
6881,3
3634,3
3816,3
4379,3
7303,3
5801,3
2325,3
1400,3
3995,3
2991,3
5236,3
4474,3
552,3
5840,3
6853,3
4576,3
302,3
1891,3
4647,3
7344,3
5664,3
3662,3
7326,3
5348,3
6442,3
7125,3
6918,3
3066,3
4334,3
1886,3
1173,3
4814,3
6960,3
757,3
143,3
194,3
7420,3
2000,3
7152,3
6882,3
5154,3
3514,3
1833,3
6162,3
4765,3
7350,3
6021,3
2241,3
2760,3
6077,3
6232,3
1432,3
2428,3
35,3
4267,3
3907,3
6142,3
6178,3
6373,3
4953,3
3469,3
4461,3
7641,3
5184,3
2157,3
2970,3
2935,3
1502,3
2522,3
1898,3
3517,3
414,3
6675,3
5777,3
4497,3
5768,3
4606,3
3617,3
7171,3
5752,3
5776,3
132,3
7117,3
923,3
4872,3
2344,3
5619,3
663,3
2200,3
7767,3
6307,3
6619,3
5022,3
3232,3
5203,3
2201,3
744,3
3916,3
384,3
2063,3
1198,3
3743,3
5775,3
5828,3
3701,3
588,3
7191,3
3415,3
6641,3
4266,3
163,3
130,3
4562,3
2565,3
2754,3
974,3
2328,3
193,3
4592,3
6158,3
7400,3
5863,3
7762,3
3338,3
7324,3
4874,3
4417,3
3763,3
4137,3
7351,3
3582,3
6690,3
1861,3
5478,3
7450,3
2727,3
2785,3
4368,3
171,3
7488,3
5749,3
6543,3
2795,3
4730,3
4099,3
7597,3
2533,3
5820,3
4460,3
6054,3
3801,3
7549,3
4065,3
1048,3
5649,3
7263,3
4704,3
2463,3
4763,3
6155,3
7128,3
6329,3
595,3
6088,3
6683,3
4761,3
7250,3
7669,3
1005,3
7601,3
4574,3
6776,3
5156,3
4621,3
3459,3
1241,3
7331,3
3623,3
508,3
4359,3
6175,3
5771,3
4998,3
1781,3
1577,3
3217,3
6788,3
6579,3
4178,3
1600,3
7625,3
6709,3
5166,3
7105,3
1996,3
5018,3
3105,3
4553,3
1560,3
393,3
7611,3
2686,3
6845,3
3600,3
2493,3
5559,3
4832,3
2641,3
2618,3
4637,3
6055,3
5170,3
5919,3
1638,3
4276,3
6658,3
1793,3
1785,3
6251,3
638,3
7528,3
5938,3
6705,3
3645,3
3300,3
464,3
4965,3
5369,3
7771,3
377,3
5718,3
7075,3
6447,3
7804,3
6435,3
5738,3
7455,3
4494,3
3199,3
4873,3
5581,3
6830,3
2769,3
5870,3
7683,3
1746,3
593,3
5230,3
1739,3
3790,3
2762,3
1874,3
3810,3
7401,3
7357,3
7345,3
6201,3
6774,3
4607,3
5447,3
2423,3
4660,3
6047,3
5638,3
1380,3
4729,3
6706,3
7816,3
4559,3
7497,3
2901,3
4349,3
6923,3
6062,3
5578,3
6328,3
3759,3
7268,3
3334,3
4644,3
1950,3
127,3
6533,3
6807,3
3845,3
3273,3
6580,3
650,3
4725,3
1919,3
2456,3
5223,3
6687,3
2885,3
3659,3
7418,3
6671,3
3375,3
4397,3
2783,3
3748,3
5999,3
940,3
2615,3
2162,3
4546,3
5167,3
5543,3
7297,3
3786,3
370,3
4086,3
4116,3
7291,3
7320,3
6205,3
5849,3
7054,3
75,3
4151,3
5786,3
5222,3
3678,3
5703,3
3219,3
5549,3
970,3
3292,3
6386,3
6878,3
6065,3
7379,3
3173,3
6426,3
5330,3
3024,3
7061,3
1100,3
887,3
7490,3
2968,3
6935,3
7363,3
1929,3
7766,3
1112,3
16,3
5824,3
513,3
6815,3
5714,3
7013,3
4760,3
7216,3
2913,3
4320,3
7464,3
7225,3
1802,3
5773,3
6351,3
5834,3
6997,3
4451,3
4716,3
2858,3
7038,3
7115,3
4616,3
7336,3
3859,3
1728,3
6264,3
6152,3
4653,3
7432,3
1017,3
4377,3
338,3
5795,3
2658,3
4917,3
4542,3
4064,3
239,3
2989,3
4879,3
6513,3
914,3
4450,3
3604,3
3212,3
983,3
90,3
6383,3
5693,3
2852,3
1842,3
3989,3
5665,3
2069,3
4066,3
4737,3
3733,3
5634,3
369,3
920,3
3456,3
5233,3
840,3
3492,3
1081,3
6571,3
4257,3
5691,3
1969,3
2282,3
2981,3
5635,3
6721,3
4882,3
7530,3
3244,3
6342,3
6764,3
579,3
6448,3
7500,3
3302,3
3203,3
5642,3
797,3
5249,3
3343,3
5498,3
1454,3
5333,3
3138,3
846,3
2895,3
3996,3
5606,3
845,3
4656,3
1285,3
2812,3
5232,3
3308,3
1057,3
3397,3
1823,3
3855,3
2027,3
332,3
5852,3
6783,3
7590,3
337,3
6765,3
5947,3
4013,3
5165,3
7437,3
1430,3
2389,3
7575,3
4741,3
3222,3
4583,3
6536,3
5628,3
7484,3
7562,3
331,3
5070,3
2024,3
1055,3
5031,3
5867,3
5289,3
5382,3
5620,3
898,3
4233,3
3002,3
6646,3
871,3
2955,3
4740,3
7506,3
3516,3
1362,3
5141,3
3813,3
5781,3
1102,3
6983,3
3470,3
5454,3
2590,3
5690,3
7756,3
3560,3
850,3
5798,3
5747,3
4029,3
1719,3
3550,3
3652,3
6663,3
4613,3
4589,3
4032,3
705,3
6297,3
6877,3
4759,3
4579,3
2630,3
3951,3
7230,3
4771,3
3239,3
4600,3
3626,3
4558,3
5269,3
3789,3
6308,3
6532,3
7343,3
2274,3
4913,3
5793,3
349,3
4087,3
6174,3
7262,3
3491,3
7427,3
6179,3
4183,3
6337,3
7087,3
7523,3
3716,3
7615,3
6137,3
7109,3
4877,3
5869,3
6920,3
5590,3
3086,3
6628,3
418,3
6854,3
5792,3
2502,3
88,3
3854,3
6837,3
2047,3
7632,3
4415,3
6149,3
6795,3
7512,3
5677,3
5187,3
3721,3
4601,3
3791,3
5614,3
3834,3
3333,3
6367,3
3843,3
3471,3
7504,3
5010,3
7717,3
1085,3
6353,3
2715,3
5433,3
5879,3
5267,3
3170,3
6645,3
3722,3
6131,3
3831,3
7826,3
2893,3
3114,3
5488,3
2496,3
4256,3
6546,3
3865,3
5117,3
3974,3
4775,3
4866,3
2911,3
5083,3
347,3
1834,3
7518,3
728,3
2765,3
4582,3
5327,3
5377,3
4767,3
2735,3
6365,3
4690,3
263,3
3946,3
2040,3
976,3
3481,3
4636,3
5697,3
4595,3
6380,3
5680,3
1282,3
2506,3
3783,3
3889,3
2914,3
7076,3
106,3
724,3
6733,3
3649,3
6458,3
3583,3
6805,3
4353,3
7282,3
3585,3
6666,3
114,3
4628,3
5261,3
5266,3
4698,3
5930,3
6713,3
912,3
6298,3
4028,3
6761,3
6540,3
7396,3
5438,3
245,3
5898,3
4578,3
7199,3
5467,3
6326,3
5873,3
2842,3
4030,3
198,3
3336,3
3301,3
4687,3
4232,3
5746,3
578,3
6631,3
373,3
6413,3
2671,3
1912,3
4908,3
6369,3
2918,3
260,3
6766,3
2393,3
7194,3
2398,3
2890,3
4824,3
2684,3
2924,3
7564,3
1457,3
3938,3
5322,3
4705,3
5527,3
5040,3
5448,3
6745,3
7519,3
7097,3
4996,3
6985,3
3252,3
6569,3
4089,3
6659,3
6752,3
4094,3
6677,3
6443,3
2326,3
7131,3
6519,3
4343,3
3297,3
1214,3
4310,3
2011,3
437,3
4639,3
4816,3
3383,3
6964,3
7487,3
6817,3
6396,3
6382,3
7085,3
7052,3
7738,3
1023,3
5706,3
1382,3
6862,3
495,3
6190,3
7242,3
7666,3
3009,3
3587,3
6509,3
5884,3
7322,3
3268,3
5241,3
3519,3
1627,3
7031,3
2909,3
4978,3
4376,3
5539,3
7730,3
1403,3
7448,3
7621,3
4361,3
839,3
1148,3
7409,3
33,3
71,3
4833,3
7346,3
6211,3
267,3
3983,3
4021,3
5822,3
7811,3
6010,3
3933,3
3324,3
4305,3
6590,3
4658,3
73,3
6056,3
7539,3
4174,3
5041,3
4411,3
7803,3
5582,3
2419,3
7681,3
3384,3
7743,3
907,3
5632,3
6549,3
5190,3
3664,3
3149,3
5268,3
622,3
2681,3
5315,3
3982,3
5624,3
5630,3
6919,3
2849,3
931,3
7022,3
5874,3
7360,3
5857,3
1482,3
2836,3
6482,3
5541,3
6977,3
3534,3
7671,3
7475,3
973,3
1476,3
7588,3
1345,3
3920,3
695,3
2708,3
3811,3
3067,3
4983,3
4007,3
4749,3
7201,3
7650,3
6748,3
7835,3
4225,3
4275,3
4171,3
7768,3
1761,3
3936,3
5841,3
4339,3
2005,3
2021,3
2985,3
7569,3
4271,3
5710,3
3851,3
6950,3
869,3
2599,3
6592,3
5563,3
7287,3
5384,3
5872,3
7765,3
3078,3
5127,3
102,3
4645,3
4360,3
7119,3
3607,3
421,3
1920,3
1976,3
3538,3
4552,3
5748,3
3340,3
5936,3
4490,3
3532,3
7529,3
7244,3
3713,3
7153,3
4179,3
1342,3
4408,3
6315,3
3593,3
2403,3
5758,3
6767,3
5229,3
3120,3
7801,3
4488,3
2831,3
5731,3
6199,3
5684,3
645,3
4751,3
4746,3
5986,3
2704,3
6291,3
4708,3
5077,3
5316,3
6454,3
1700,3
5799,3
3117,3
4643,3
3036,3
4712,3
6109,3
1636,3
4248,3
4531,3
834,3
5617,3
6747,3
4798,3
814,3
7533,3
1351,3
3280,3
2575,3
1881,3
3540,3
3614,3
7673,3
7069,3
1231,3
5564,3
6975,3
401,3
6016,3
2166,3
5367,3
4602,3
4282,3
1747,3
4431,3
3387,3
6941,3
3100,3
6637,3
4057,3
6750,3
1628,3
1165,3
5437,3
1322,3
5808,3
486,3
5917,3
218,3
1045,3
7086,3
3776,3
3071,3
2892,3
4309,3
3045,3
1714,3
7284,3
2778,3
2131,3
1135,3
1658,3
5142,3
1009,3
3079,3
1814,3
7535,3
6020,3
4794,3
1521,3
1505,3
3417,3
4819,3
2173,3
1043,3
1532,3
7629,3
739,3
7640,3
5627,3
1983,3
823,3
7047,3
1035,3
4110,3
280,3
3323,3
6698,3
3179,3
2809,3
6233,3
6262,3
6097,3
5897,3
7183,3
6601,3
2660,3
4056,3
7387,3
389,3
4731,3
6495,3
5024,3
687,3
6970,3
6551,3
6867,3
6741,3
3580,3
7421,3
2547,3
285,3
6622,3
1061,3
6615,3
93,3
825,3
6048,3
3449,3
1821,3
966,3
2609,3
4067,3
3964,3
7198,3
2523,3
2473,3
4991,3
7727,3
4837,3
6704,3
5670,3
5192,3
299,3
7037,3
7517,3
6161,3
5797,3
6042,3
7476,3
5626,3
5721,3
5745,3
3451,3
6136,3
7510,3
6653,3
7646,3
7261,3
7799,3
7016,3
1387,3
4747,3
3341,3
1170,3
2747,3
7714,3
5453,3
6819,3
1631,3
4896,3
5257,3
1114,3
4077,3
1408,3
782,3
7028,3
6811,3
6822,3
5336,3
7435,3
1018,3
6391,3
3767,3
1013,3
7179,3
314,3
2196,3
3990,3
4492,3
6038,3
4797,3
6429,3
5131,3
3932,3
2761,3
5458,3
2082,3
7644,3
1663,3
7493,3
3621,3
4921,3
5668,3
4015,3
5667,3
4664,3
4026,3
4047,3
7417,3
4711,3
4131,3
4068,3
3257,3
6996,3
5482,3
6824,3
5659,3
4801,3
7255,3
2950,3
7116,3
7524,3
3377,3
3124,3
7787,3
6265,3
4529,3
1869,3
2545,3
6547,3
94,3
2903,3
2786,3
6992,3
7056,3
5387,3
1425,3
1525,3
6545,3
7073,3
6037,3
5790,3
5009,3
3745,3
3482,3
5528,3
5817,3
3258,3
1877,3
3305,3
3103,3
2123,3
870,3
6117,3
6387,3
3478,3
2298,3
4075,3
476,3
6565,3
2439,3
3835,3
3041,3
192,3
5068,3
1605,3
7228,3
7238,3
76,3
3842,3
2787,3
4886,3
5575,3
2864,3
4939,3
5639,3
4674,3
4679,3
2725,3
1486,3
1766,3
6686,3
6500,3
3226,3
4084,3
6412,3
6926,3
5871,3
5057,3
3943,3
7682,3
5051,3
6081,3
1307,3
2550,3
616,3
2707,3
7489,3
4555,3
6932,3
17,3
3539,3
5708,3
7525,3
6193,3
3043,3
6274,3
4795,3
3296,3
7831,3
3794,3
7208,3
625,3
1442,3
4386,3
5399,3
1925,3
7374,3
6348,3
4322,3
7094,3
407,3
5293,3
3475,3
6951,3
7279,3
5481,3
1845,3
2066,3
3204,3
6293,3
6267,3
7283,3
7565,3
1734,3
5580,3
3102,3
2519,3
6305,3
4317,3
5500,3
2087,3
3208,3
6241,3
4599,3
597,3
3658,3
5660,3
6947,3
1562,3
7731,3
6345,3
1550,3
5338,3
6827,3
4122,3
6636,3
1619,3
4392,3
5101,3
3008,3
1769,3
985,3
1964,3
1639,3
803,3
3462,3
5807,3
5114,3
4138,3
4245,3
4079,3
5178,3
7293,3
5860,3
2053,3
7654,3
5121,3
1635,3
1263,3
6664,3
4876,3
5120,3
7159,3
726,3
6873,3
5838,3
4495,3
5523,3
6510,3
6707,3
1733,3
4975,3
711,3
4345,3
1071,3
6703,3
5548,3
4684,3
3523,3
1911,3
6908,3
2169,3
5215,3
5655,3
6784,3
5622,3
4752,3
901,3
7806,3
4012,3
6586,3
4706,3
4500,3
6277,3
7176,3
6953,3
5926,3
3925,3
6467,3
5334,3
3089,3
4721,3
7200,3
5669,3
5599,3
3021,3
6555,3
7746,3
6886,3
2232,3
6163,3
6670,3
4640,3
5928,3
6319,3
3205,3
7570,3
3410,3
5741,3
4462,3
5862,3
3362,3
3121,3
3001,3
5146,3
6740,3
3466,3
7571,3
7193,3
7711,3
950,3
5789,3
227,3
6972,3
4306,3
4046,3
7358,3
7227,3
6578,3
4561,3
5945,3
6963,3
716,3
3267,3
7429,3
4714,3
3000,3
7186,3
6557,3
7674,3
5177,3
4073,3
5568,3
1593,3
1376,3
6606,3
5836,3
5899,3
412,3
4906,3
5652,3
4947,3
6331,3
4681,3
494,3
7707,3
5053,3
2295,3
7688,3
6888,3
6356,3
5260,3
7652,3
2676,3
7709,3
3910,3
6053,3
5846,3
6577,3
7352,3
2068,3
6057,3
6738,3
3247,3
4081,3
5013,3
6453,3
2366,3
4985,3
6630,3
7729,3
6616,3
5782,3
6678,3
3017,3
5252,3
3914,3
768,3
3689,3
837,3
6177,3
7718,3
1965,3
6501,3
1574,3
7706,3
6682,3
7748,3
350,3
7747,3
3262,3
702,3
6512,3
4096,3
6895,3
6576,3
1251,3
3111,3
485,3
4496,3
5600,3
1901,3
3352,3
599,3
7775,3
7750,3
5110,3
1147,3
4554,3
383,3
5352,3
8,3
6676,3
7749,3
6928,3
550,3
7532,3
2871,3
1807,3
3151,3
4682,3
1683,3
4539,3
6836,3
7276,3
5985,3
6810,3
4792,3
6350,3
